"cluster_id","id","article_id","model","name","type","entity_id","paragraph","sentence"
"0368b1eb-673c-4b80-a75e-ddd598aece48","45265488","423924","english.all.3class.distsim.crf.ser","WOWT","ORGANIZATION","886856","2","1"
"04c9866c-a24e-4b95-8891-637ca808c516","45118187","423456","english.all.3class.distsim.crf.ser","TMAGAC","ORGANIZATION","884672","7","1"
"05e4a384-8a95-49b9-842b-a1d9ddff5f17","45237551","423773","english.all.3class.distsim.crf.ser","Atlanta Braves","ORGANIZATION","9748","14","1"
"06abd00d-820d-4b9e-b36f-7698f0754804","45151182","423612","english.all.3class.distsim.crf.ser","Buick LaCrosse","ORGANIZATION","101917","3","1"
"079bb902-441d-4a1c-97f9-3f90c6d45cf5","45041897","423294","english.all.3class.distsim.crf.ser","Republican","ORGANIZATION","406","4","1"
"08898097-6ecc-4f36-bb5e-9fd0dfaabd7e","45289362","424080","english.all.3class.distsim.crf.ser","Obama Administration","ORGANIZATION","32548","34","3"
"08ca4d16-3848-4a26-9601-e1c58066eb79","45345145","424388","english.all.3class.distsim.crf.ser","ISIS","ORGANIZATION","3002","8","1"
"08ca4d16-3848-4a26-9601-e1c58066eb79","45345095","424388","english.all.3class.distsim.crf.ser","ISIS","ORGANIZATION","3002","1","1"
"08ca4d16-3848-4a26-9601-e1c58066eb79","45345157","424388","english.all.3class.distsim.crf.ser","ISIS","ORGANIZATION","3002","9","1"
"097f3554-3485-4001-8a26-f1c1dcb6c51d","45349018","424391","english.all.3class.distsim.crf.ser","Chicago Sun Times","ORGANIZATION","188881","2","1"
"09c4a83f-9b13-402e-950d-cfbd13753145","45116112","423454","english.all.3class.distsim.crf.ser","UNESCO World Heritage","ORGANIZATION","40844","5","1"
"0a0957fc-bffc-4284-8fd4-e1b16451870f","45342888","424355","english.all.3class.distsim.crf.ser","New York Times","ORGANIZATION","321","24","2"
"0a2cd596-fb33-49e2-8713-0e9099181571","45319821","424236","english.all.3class.distsim.crf.ser","Housing and Urban Development","ORGANIZATION","3989","10","1"
"0b671271-a3b0-41e7-b31e-782e4470f29b","45324825","424240","english.all.3class.distsim.crf.ser","District of Columbia National Guard","ORGANIZATION","887578","11","1"
"0c7b8876-fefb-422c-8389-44840d6cbca4","45389118","424548","english.all.3class.distsim.crf.ser","Foreign Office","ORGANIZATION","11865","15","2"
"0f15d7b9-94e8-4d46-98f2-5e73050b360b","45044546","423296","english.all.3class.distsim.crf.ser","USC","ORGANIZATION","883323","4","2"
"0f256bcd-3ba0-4c28-9743-7568007e571d","45289345","424080","english.all.3class.distsim.crf.ser","House Budget Committee","ORGANIZATION","84259","31","4"
"0f6c7a90-2d3f-494e-b102-a79e6dca27ea","45297608","424084","english.all.3class.distsim.crf.ser","Bakersfield Fire Department","ORGANIZATION","887155","2","1"
"0f6c7a90-2d3f-494e-b102-a79e6dca27ea","45297614","424084","english.all.3class.distsim.crf.ser","Bakersfield Fire Department","ORGANIZATION","887155","5","1"
"116892f8-d57c-4e18-b9e1-4ac187249772","45235535","423772","english.all.3class.distsim.crf.ser","North County Police Cooperative 's Facebook","ORGANIZATION","879773","27","1"
"1392b4c9-2834-4533-bfe4-af43de6c0868","45289207","424080","english.all.3class.distsim.crf.ser","New Orleans Pelicans","ORGANIZATION","6533","1","1"
"1790c0fd-c765-410e-a0c3-630eaf27c965","45240977","423776","english.all.3class.distsim.crf.ser","Democratic House","ORGANIZATION","23730","1","1"
"18f1c5d8-6453-4310-be08-08042926b2e8","45043311","423295","english.all.3class.distsim.crf.ser","Aviar Motors","ORGANIZATION","86365","7","2"
"1b9bd100-07d9-429d-bdb4-8f788e4e044a","45324784","424240","english.all.3class.distsim.crf.ser","Defense Department","ORGANIZATION","4033","1","1"
"1be8c901-1488-4464-9e53-570d40134020","45110404","423450","english.all.3class.distsim.crf.ser","Kentucky Fried Chicken","ORGANIZATION","12212","4","1"
"1c3765c2-e335-4705-a36a-b93e74766510","45113122","423452","english.all.3class.distsim.crf.ser","NASCAR","ORGANIZATION","38158","5","1"
"1cbbb50c-8835-496e-802f-5631fba7cb81","45363429","424502","english.all.3class.distsim.crf.ser","Nice","ORGANIZATION","6948","10","1"
"1d653754-7be9-46aa-874d-aff7b32b1eb2","45156261","423615","english.all.3class.distsim.crf.ser","Rolling Stone","ORGANIZATION","655","12","1"
"1fcef829-569e-4895-9c4b-fe7aeb611185","45034780","423289","english.all.3class.distsim.crf.ser","NBA","ORGANIZATION","6532","2","1"
"1fcef829-569e-4895-9c4b-fe7aeb611185","45289210","424080","english.all.3class.distsim.crf.ser","NBA","ORGANIZATION","6532","1","1"
"212a9281-1f09-43e0-8a24-8477261beca6","44983459","423137","english.all.3class.distsim.crf.ser","Air Force","ORGANIZATION","3667","14","1"
"217afd31-f884-4dfa-ae8f-afaacba00e19","44981499","423135","english.all.3class.distsim.crf.ser","NBC","ORGANIZATION","2878","7","1"
"217afd31-f884-4dfa-ae8f-afaacba00e19","45385643","424544","english.all.3class.distsim.crf.ser","NBC","ORGANIZATION","4138","5","5"
"217afd31-f884-4dfa-ae8f-afaacba00e19","45385629","424544","english.all.3class.distsim.crf.ser","NBC","ORGANIZATION","4138","2","1"
"217afd31-f884-4dfa-ae8f-afaacba00e19","45157684","423616","english.all.3class.distsim.crf.ser","NBC","ORGANIZATION","4138","2","2"
"22685c36-6a35-4e69-a62c-7f691bdba7dc","45043310","423295","english.all.3class.distsim.crf.ser","Mustangs","ORGANIZATION","58122","7","1"
"230ebd23-9b8b-4488-b07a-a33c5194914d","45324816","424240","english.all.3class.distsim.crf.ser","United States Military Academy","ORGANIZATION","138189","9","1"
"2378994f-b0e2-46bd-80a8-ee839e31e42d","45233361","423770","english.all.3class.distsim.crf.ser","U.S. Embassy","ORGANIZATION","12110","28","2"
"23fbcd95-2433-40cc-84fb-4e0cd4f93b09","45387148","424546","english.all.3class.distsim.crf.ser","Fox News First","ORGANIZATION","6302","1","1"
"250c788a-c9c8-4475-ad5c-be37760d9353","45233329","423770","english.all.3class.distsim.crf.ser","WTOP","ORGANIZATION","101725","22","1"
"2687e45d-f5c4-4146-a8a4-b51df60929c0","45319805","424236","english.all.3class.distsim.crf.ser","Congress","ORGANIZATION","387","6","3"
"2687e45d-f5c4-4146-a8a4-b51df60929c0","45319793","424236","english.all.3class.distsim.crf.ser","Congress","ORGANIZATION","387","1","1"
"2687e45d-f5c4-4146-a8a4-b51df60929c0","45289327","424080","english.all.3class.distsim.crf.ser","Congress","ORGANIZATION","387","27","2"
"2687e45d-f5c4-4146-a8a4-b51df60929c0","45035707","423290","english.all.3class.distsim.crf.ser","Congress","ORGANIZATION","387","17","1"
"2687e45d-f5c4-4146-a8a4-b51df60929c0","45038054","423291","english.all.3class.distsim.crf.ser","Congress","ORGANIZATION","387","8","2"
"2687e45d-f5c4-4146-a8a4-b51df60929c0","45038044","423291","english.all.3class.distsim.crf.ser","Congress","ORGANIZATION","387","6","1"
"2687e45d-f5c4-4146-a8a4-b51df60929c0","45268758","423927","english.all.3class.distsim.crf.ser","Congress","ORGANIZATION","387","6","2"
"2687e45d-f5c4-4146-a8a4-b51df60929c0","45319803","424236","english.all.3class.distsim.crf.ser","Congress","ORGANIZATION","387","5","1"
"2687e45d-f5c4-4146-a8a4-b51df60929c0","45289361","424080","english.all.3class.distsim.crf.ser","Congress","ORGANIZATION","387","34","3"
"2687e45d-f5c4-4146-a8a4-b51df60929c0","45035625","423290","english.all.3class.distsim.crf.ser","Congress","ORGANIZATION","387","2","2"
"2687e45d-f5c4-4146-a8a4-b51df60929c0","44989742","423142","english.all.3class.distsim.crf.ser","Congress","ORGANIZATION","387","6","1"
"2687e45d-f5c4-4146-a8a4-b51df60929c0","45152224","423613","english.all.3class.distsim.crf.ser","Congress","ORGANIZATION","387","14","1"
"2687e45d-f5c4-4146-a8a4-b51df60929c0","45038034","423291","english.all.3class.distsim.crf.ser","Congress","ORGANIZATION","387","3","2"
"2687e45d-f5c4-4146-a8a4-b51df60929c0","45241002","423776","english.all.3class.distsim.crf.ser","Congress","ORGANIZATION","387","5","1"
"2687e45d-f5c4-4146-a8a4-b51df60929c0","45154026","423614","english.all.3class.distsim.crf.ser","Congress","ORGANIZATION","387","15","1"
"27cf898a-c301-48a0-a317-a55494d83eae","45151202","423612","english.all.3class.distsim.crf.ser","Clinton College","ORGANIZATION","553459","7","1"
"2c4ffe7e-999e-4cf2-9c38-f9836f2b6bd1","45295133","424082","english.all.3class.distsim.crf.ser","Fusion GPS","ORGANIZATION","109737","3","1"
"2cac1512-8e62-4885-9586-dc6388ee060a","45384644","424543","english.all.3class.distsim.crf.ser","Riversmead School","ORGANIZATION","888308","3","1"
"2de616bf-a16a-4946-a86c-13aea9a99051","45289344","424080","english.all.3class.distsim.crf.ser","IRS","ORGANIZATION","395","31","3"
"2ee886a5-661c-4133-9c2f-7365d4b7636e","45232296","423769","english.all.3class.distsim.crf.ser","Cyber Command","ORGANIZATION","340442","5","2"
"2f13855c-fddb-4eab-9fca-7334592a7afb","45274888","423933","english.all.3class.distsim.crf.ser","Republican party","ORGANIZATION","1862","3","3"
"2f13855c-fddb-4eab-9fca-7334592a7afb","45041937","423294","english.all.3class.distsim.crf.ser","Republican Party","ORGANIZATION","1862","9","3"
"305fe66f-7d4c-4fbd-a65d-01ef7e64443b","45365261","424505","english.all.3class.distsim.crf.ser","CBS","ORGANIZATION","1004","24","1"
"333c58e3-d702-40ce-a488-add57d4ce81c","45332358","424349","english.all.3class.distsim.crf.ser","Manchester City Council","ORGANIZATION","46298","24","1"
"33dcfa14-8100-4375-85da-39cedea35a88","45274909","423933","english.all.3class.distsim.crf.ser","GOP","ORGANIZATION","3431","8","1"
"33dcfa14-8100-4375-85da-39cedea35a88","45118181","423456","english.all.3class.distsim.crf.ser","GOP","ORGANIZATION","3431","6","1"
"33dcfa14-8100-4375-85da-39cedea35a88","45274881","423933","english.all.3class.distsim.crf.ser","GOP","ORGANIZATION","3431","1","2"
"33dcfa14-8100-4375-85da-39cedea35a88","45289378","424080","english.all.3class.distsim.crf.ser","GOP","ORGANIZATION","3431","38","5"
"33dcfa14-8100-4375-85da-39cedea35a88","45118173","423456","english.all.3class.distsim.crf.ser","GOP","ORGANIZATION","3431","3","1"
"34cc3894-1446-43da-9e52-47232891cd10","45324826","424240","english.all.3class.distsim.crf.ser","Army Reserve","ORGANIZATION","88452","11","1"
"35b7dfc2-cf49-4149-9a36-6f6857a47c9a","27303955","331842","english.all.3class.distsim.crf.ser","Bard College","ORGANIZATION","92610","20","3"
"366df919-4c83-40c9-b3de-17bfb17d971a","45118179","423456","english.all.3class.distsim.crf.ser","House of Representatives","ORGANIZATION","1863","5","1"
"36edebcb-08cd-42f8-9b64-4a70ff391c78","45239845","423775","english.all.3class.distsim.crf.ser","The Associated Press","ORGANIZATION","3926","11","2"
"3775d6c0-52bb-4dd6-b206-f4d9a3a8a8b4","45296776","424083","english.all.3class.distsim.crf.ser","Crazy Socks","ORGANIZATION","887146","1","1"
"37babdd4-55d2-4bd1-a577-73abcb5c871f","45241640","423777","english.all.3class.distsim.crf.ser","Associated Press","ORGANIZATION","320","2","1"
"37babdd4-55d2-4bd1-a577-73abcb5c871f","45269544","423928","english.all.3class.distsim.crf.ser","Associated Press","ORGANIZATION","320","12","1"
"37babdd4-55d2-4bd1-a577-73abcb5c871f","45270762","423929","english.all.3class.distsim.crf.ser","Associated Press","ORGANIZATION","320","18","1"
"37babdd4-55d2-4bd1-a577-73abcb5c871f","45269522","423928","english.all.3class.distsim.crf.ser","Associated Press","ORGANIZATION","320","8","1"
"37babdd4-55d2-4bd1-a577-73abcb5c871f","45265496","423924","english.all.3class.distsim.crf.ser","Associated Press","ORGANIZATION","320","10","1"
"37babdd4-55d2-4bd1-a577-73abcb5c871f","45323300","424239","english.all.3class.distsim.crf.ser","Associated Press","ORGANIZATION","320","9","1"
"37babdd4-55d2-4bd1-a577-73abcb5c871f","44987620","423140","english.all.3class.distsim.crf.ser","Associated Press","ORGANIZATION","320","9","1"
"37babdd4-55d2-4bd1-a577-73abcb5c871f","44977571","423133","english.all.3class.distsim.crf.ser","Associated Press","ORGANIZATION","320","6","2"
"37babdd4-55d2-4bd1-a577-73abcb5c871f","45040565","423293","english.all.3class.distsim.crf.ser","Associated Press","ORGANIZATION","320","11","1"
"37babdd4-55d2-4bd1-a577-73abcb5c871f","45034803","423289","english.all.3class.distsim.crf.ser","Associated Press","ORGANIZATION","320","6","1"
"37babdd4-55d2-4bd1-a577-73abcb5c871f","45116123","423454","english.all.3class.distsim.crf.ser","Associated Press","ORGANIZATION","320","9","1"
"37babdd4-55d2-4bd1-a577-73abcb5c871f","45159576","423618","english.all.3class.distsim.crf.ser","Associated Press","ORGANIZATION","320","19","1"
"37babdd4-55d2-4bd1-a577-73abcb5c871f","45237555","423773","english.all.3class.distsim.crf.ser","Associated Press","ORGANIZATION","320","15","1"
"37babdd4-55d2-4bd1-a577-73abcb5c871f","45239869","423775","english.all.3class.distsim.crf.ser","Associated Press","ORGANIZATION","3926","15","1"
"37babdd4-55d2-4bd1-a577-73abcb5c871f","45273619","423932","english.all.3class.distsim.crf.ser","Associated Press","ORGANIZATION","320","10","1"
"37babdd4-55d2-4bd1-a577-73abcb5c871f","45232312","423769","english.all.3class.distsim.crf.ser","Associated Press","ORGANIZATION","320","7","1"
"39a22187-c6ca-4462-9f56-05e3c7969764","45152171","423613","english.all.3class.distsim.crf.ser","Navy","ORGANIZATION","5817","4","1"
"39a22187-c6ca-4462-9f56-05e3c7969764","45152225","423613","english.all.3class.distsim.crf.ser","Navy","ORGANIZATION","5817","14","1"
"39a22187-c6ca-4462-9f56-05e3c7969764","45345105","424388","english.all.3class.distsim.crf.ser","Navy","ORGANIZATION","5817","2","1"
"39a22187-c6ca-4462-9f56-05e3c7969764","45232280","423769","english.all.3class.distsim.crf.ser","Navy","ORGANIZATION","5817","4","1"
"39a22187-c6ca-4462-9f56-05e3c7969764","45345091","424388","english.all.3class.distsim.crf.ser","Navy","ORGANIZATION","5817","1","1"
"39a22187-c6ca-4462-9f56-05e3c7969764","45152248","423613","english.all.3class.distsim.crf.ser","Navy","ORGANIZATION","5817","18","1"
"39a22187-c6ca-4462-9f56-05e3c7969764","45152229","423613","english.all.3class.distsim.crf.ser","Navy","ORGANIZATION","5817","15","2"
"39a22187-c6ca-4462-9f56-05e3c7969764","45152228","423613","english.all.3class.distsim.crf.ser","Navy","ORGANIZATION","5817","15","1"
"39e14805-2219-49aa-9408-b859b5496f82","45237475","423773","english.all.3class.distsim.crf.ser","Chicago Cubs","ORGANIZATION","95736","1","1"
"39ff099b-2afa-4a03-922a-40a7fe5a56b2","45034786","423289","english.all.3class.distsim.crf.ser","YouTube","ORGANIZATION","5036","3","1"
"3aa83fc8-50e3-40eb-a80d-cf6f728afc16","45273572","423932","english.all.3class.distsim.crf.ser","Treasury Department","ORGANIZATION","6575","1","1"
"3b007691-e992-4381-9228-d054fbeee5a8","45295132","424082","english.all.3class.distsim.crf.ser","DNC","ORGANIZATION","39636","3","1"
"3b007691-e992-4381-9228-d054fbeee5a8","45153985","423614","english.all.3class.distsim.crf.ser","DNC","ORGANIZATION","39636","1","1"
"3b007691-e992-4381-9228-d054fbeee5a8","45286632","424079","english.all.3class.distsim.crf.ser","DNC","ORGANIZATION","2579","13","1"
"3b007691-e992-4381-9228-d054fbeee5a8","44981500","423135","english.all.3class.distsim.crf.ser","DNC","ORGANIZATION","39636","7","1"
"3beed9f3-975f-4e35-a491-7a4f68ae5c87","44977534","423133","english.all.3class.distsim.crf.ser","Trump","ORGANIZATION","392","2","1"
"3c13a413-f2a0-4ecc-a74e-6064819e7bd3","45319794","424236","english.all.3class.distsim.crf.ser","Department of Health and Human Services","ORGANIZATION","6060","1","1"
"3d3df232-f9a2-4345-a276-8621cf6636d2","45157731","423616","english.all.3class.distsim.crf.ser","New York Daily News","ORGANIZATION","3663","11","1"
"3d9e662e-2a51-4964-8213-420ec064297d","44989726","423142","english.all.3class.distsim.crf.ser","Trump Administration","ORGANIZATION","3474","3","1"
"3d9e662e-2a51-4964-8213-420ec064297d","45289272","424080","english.all.3class.distsim.crf.ser","Trump Administration","ORGANIZATION","3474","14","3"
"3de4c69a-01c3-459c-94ec-3b85bedbe501","45298778","424085","english.all.3class.distsim.crf.ser","Brown University","ORGANIZATION","21598","10","2"
"3eb8065a-f080-4457-a952-6159db800afa","45043305","423295","english.all.3class.distsim.crf.ser","Ford Mustang","ORGANIZATION","58119","1","1"
"3fd1ebb7-b8b4-4d2e-9273-1dad3b68a4d1","45041914","423294","english.all.3class.distsim.crf.ser","U.S. Customs","ORGANIZATION","16886","6","1"
"41223c8a-467d-40e3-bee5-91d6d2245479","45047477","423298","english.all.3class.distsim.crf.ser","Lakeland Police Department","ORGANIZATION","595911","3","1"
"41223c8a-467d-40e3-bee5-91d6d2245479","45047469","423298","english.all.3class.distsim.crf.ser","Lakeland Police Department","ORGANIZATION","595911","2","2"
"4127f810-975d-4bc7-a7ad-3a16edff3a4f","45241639","423777","english.all.3class.distsim.crf.ser","Nashua Police Department","ORGANIZATION","886483","2","1"
"422c4dfc-368e-4c1b-b426-294baf3b6e33","45113119","423452","english.all.3class.distsim.crf.ser","Towers Foundation","ORGANIZATION","161697","4","1"
"43fbb9b1-7f77-495a-bdc3-0b3332afbe18","45152256","423613","english.all.3class.distsim.crf.ser","U.S. Navy","ORGANIZATION","30582","19","1"
"43fbb9b1-7f77-495a-bdc3-0b3332afbe18","44983387","423137","english.all.3class.distsim.crf.ser","U.S. Navy","ORGANIZATION","30582","2","1"
"43fbb9b1-7f77-495a-bdc3-0b3332afbe18","45354807","424397","english.all.3class.distsim.crf.ser","U.S. Navy","ORGANIZATION","30582","9","1"
"43fbb9b1-7f77-495a-bdc3-0b3332afbe18","45354748","424397","english.all.3class.distsim.crf.ser","U.S. Navy","ORGANIZATION","30582","2","2"
"43fbb9b1-7f77-495a-bdc3-0b3332afbe18","45152259","423613","english.all.3class.distsim.crf.ser","U.S. Navy","ORGANIZATION","30582","20","2"
"44033eb6-b853-4aa9-9d03-234a22dfb6a5","45110436","423450","english.all.3class.distsim.crf.ser","KFC","ORGANIZATION","12212","9","1"
"44033eb6-b853-4aa9-9d03-234a22dfb6a5","45110382","423450","english.all.3class.distsim.crf.ser","KFC","ORGANIZATION","12212","1","1"
"44033eb6-b853-4aa9-9d03-234a22dfb6a5","45110393","423450","english.all.3class.distsim.crf.ser","KFC","ORGANIZATION","12212","2","1"
"44033eb6-b853-4aa9-9d03-234a22dfb6a5","45110424","423450","english.all.3class.distsim.crf.ser","KFC","ORGANIZATION","12212","7","1"
"44033eb6-b853-4aa9-9d03-234a22dfb6a5","45110425","423450","english.all.3class.distsim.crf.ser","KFC","ORGANIZATION","12212","7","1"
"44033eb6-b853-4aa9-9d03-234a22dfb6a5","45110426","423450","english.all.3class.distsim.crf.ser","KFC","ORGANIZATION","12212","7","3"
"44033eb6-b853-4aa9-9d03-234a22dfb6a5","45110431","423450","english.all.3class.distsim.crf.ser","KFC","ORGANIZATION","12212","8","1"
"44033eb6-b853-4aa9-9d03-234a22dfb6a5","45110435","423450","english.all.3class.distsim.crf.ser","KFC","ORGANIZATION","12212","9","1"
"44033eb6-b853-4aa9-9d03-234a22dfb6a5","45110441","423450","english.all.3class.distsim.crf.ser","KFC","ORGANIZATION","12212","10","1"
"44033eb6-b853-4aa9-9d03-234a22dfb6a5","45110444","423450","english.all.3class.distsim.crf.ser","KFC","ORGANIZATION","12212","11","2"
"44a8c36d-57f9-430e-b9bb-6ee0b7886d03","45237487","423773","english.all.3class.distsim.crf.ser","Philadelphia Phillies","ORGANIZATION","9750","2","1"
"45104e6d-a757-42c9-a8bb-7b1f88300c51","45346867","424389","english.all.3class.distsim.crf.ser","Camden County Prosecutor 's Office","ORGANIZATION","887879","2","1"
"46e2b37b-9423-4796-a10f-83e79e581bfc","45034796","423289","english.all.3class.distsim.crf.ser","U.S. State Department","ORGANIZATION","3922","5","3"
"46ed22bd-b8ee-42db-aba8-50ee12edb2a9","45352759","424395","english.all.3class.distsim.crf.ser","interior ministry","ORGANIZATION","367","3","1"
"47462888-9c19-413d-bcb8-23ac3f23a07d","45289224","424080","english.all.3class.distsim.crf.ser","House","ORGANIZATION","1061","3","1"
"47462888-9c19-413d-bcb8-23ac3f23a07d","45044543","423296","english.all.3class.distsim.crf.ser","House","ORGANIZATION","388","3","1"
"47462888-9c19-413d-bcb8-23ac3f23a07d","45240980","423776","english.all.3class.distsim.crf.ser","House","ORGANIZATION","23730","1","1"
"47462888-9c19-413d-bcb8-23ac3f23a07d","45151197","423612","english.all.3class.distsim.crf.ser","House","ORGANIZATION","388","5","1"
"47462888-9c19-413d-bcb8-23ac3f23a07d","45349374","424392","english.all.3class.distsim.crf.ser","House","ORGANIZATION","388","1","1"
"47462888-9c19-413d-bcb8-23ac3f23a07d","45289236","424080","english.all.3class.distsim.crf.ser","House","ORGANIZATION","1061","4","2"
"47462888-9c19-413d-bcb8-23ac3f23a07d","45289271","424080","english.all.3class.distsim.crf.ser","House","ORGANIZATION","1061","14","3"
"47462888-9c19-413d-bcb8-23ac3f23a07d","45289308","424080","english.all.3class.distsim.crf.ser","House","ORGANIZATION","1061","24","2"
"47462888-9c19-413d-bcb8-23ac3f23a07d","45289343","424080","english.all.3class.distsim.crf.ser","House","ORGANIZATION","1061","31","2"
"47462888-9c19-413d-bcb8-23ac3f23a07d","45289372","424080","english.all.3class.distsim.crf.ser","House","ORGANIZATION","1061","36","5"
"480ae0c9-8f6c-4eba-81b8-f1ad420b6c7e","45345175","424388","english.all.3class.distsim.crf.ser","Naval Criminal Investigative Service","ORGANIZATION","18835","12","1"
"48bab7fe-860f-4a25-b560-505fdb684d13","45110415","423450","english.all.3class.distsim.crf.ser","Michelin","ORGANIZATION","858130","6","2"
"4a6f4aad-e5fd-4aaf-bff5-a268321e50b4","45289208","424080","english.all.3class.distsim.crf.ser","Duke","ORGANIZATION","1869","1","1"
"4a6f4aad-e5fd-4aaf-bff5-a268321e50b4","45342871","424355","english.all.3class.distsim.crf.ser","Duke","ORGANIZATION","1869","14","5"
"4b8c05c1-ae36-4f75-8841-130e6ea2bbff","45331346","424348","english.all.3class.distsim.crf.ser","foreign","ORGANIZATION","16362","11","1"
"4ca54124-51e2-4c5d-8aad-e721ecbf7cab","45034795","423289","english.all.3class.distsim.crf.ser","World Health Organization","ORGANIZATION","21937","5","2"
"4cd5320a-7fca-42ec-a592-c61b67473601","45161113","423619","english.all.3class.distsim.crf.ser","Western Governors University","ORGANIZATION","885220","14","2"
"4d3e9ac1-2f49-4539-b82f-aca12d9bf840","45114449","423453","english.all.3class.distsim.crf.ser","Cambridge Analytica","ORGANIZATION","19889","5","1"
"4dc19937-da79-4857-85e3-438b464efe32","45324819","424240","english.all.3class.distsim.crf.ser","101st Airborne Division","ORGANIZATION","59491","10","2"
"4dee9313-e662-4311-ad07-1b4dc7e33af8","44989719","423142","english.all.3class.distsim.crf.ser","White House","ORGANIZATION","1061","3","1"
"4dee9313-e662-4311-ad07-1b4dc7e33af8","44983402","423137","english.all.3class.distsim.crf.ser","White House","ORGANIZATION","1061","4","3"
"4dee9313-e662-4311-ad07-1b4dc7e33af8","45350367","424393","english.all.3class.distsim.crf.ser","White House","ORGANIZATION","1061","6","1"
"4dee9313-e662-4311-ad07-1b4dc7e33af8","45350347","424393","english.all.3class.distsim.crf.ser","White House","ORGANIZATION","1061","2","1"
"4dee9313-e662-4311-ad07-1b4dc7e33af8","44989706","423142","english.all.3class.distsim.crf.ser","White House","ORGANIZATION","1061","1","1"
"4dee9313-e662-4311-ad07-1b4dc7e33af8","45289365","424080","english.all.3class.distsim.crf.ser","White House","ORGANIZATION","1061","35","1"
"4dee9313-e662-4311-ad07-1b4dc7e33af8","44989738","423142","english.all.3class.distsim.crf.ser","White House","ORGANIZATION","1061","5","1"
"4dee9313-e662-4311-ad07-1b4dc7e33af8","45273589","423932","english.all.3class.distsim.crf.ser","White House","ORGANIZATION","1061","3","1"
"4dee9313-e662-4311-ad07-1b4dc7e33af8","45289220","424080","english.all.3class.distsim.crf.ser","White House","ORGANIZATION","1061","3","1"
"4f418343-2b6b-4891-9fee-ccab51d81849","45268752","423927","english.all.3class.distsim.crf.ser","Wall Street","ORGANIZATION","54835","2","1"
"50c5cc36-2d30-4c71-8c5e-ff2ca7107637","45332340","424349","english.all.3class.distsim.crf.ser","CCTV","ORGANIZATION","5027","11","1"
"5243f3c5-aad1-4ca2-a590-7a04f92ec3fb","45152215","423613","english.all.3class.distsim.crf.ser","Abraham Lincoln Carrier Strike Group","ORGANIZATION","788938","10","2"
"538a7ecd-3f4c-48a8-9e4d-e7d5097c8df0","45152199","423613","english.all.3class.distsim.crf.ser","U.N.","ORGANIZATION","189","7","2"
"54082dd7-279f-4fcf-a7bc-629002a17fa8","45388070","424547","english.all.3class.distsim.crf.ser","Catholic News Agency","ORGANIZATION","8039","6","1"
"546776fe-70bc-45e6-9db1-a1b85a74a607","44989724","423142","english.all.3class.distsim.crf.ser","OSC","ORGANIZATION","107792","3","1"
"546776fe-70bc-45e6-9db1-a1b85a74a607","44989731","423142","english.all.3class.distsim.crf.ser","OSC","ORGANIZATION","107792","4","1"
"546776fe-70bc-45e6-9db1-a1b85a74a607","44989721","423142","english.all.3class.distsim.crf.ser","OSC","ORGANIZATION","107792","3","1"
"5516b7ce-54ef-4edf-8026-59243ff26b79","45110419","423450","english.all.3class.distsim.crf.ser","Netflix","ORGANIZATION","2804","6","3"
"5649736c-0c84-4bf1-b1f6-fc3d5575c2dc","45111595","423451","english.all.3class.distsim.crf.ser","Los Angeles Times","ORGANIZATION","6470","8","1"
"571fc843-28c0-4baa-886a-1bdf6b696b8d","45040501","423293","english.all.3class.distsim.crf.ser","International Olympic Committee","ORGANIZATION","42349","2","1"
"5b5a9e18-31e6-433b-bfc2-7e89a81677ed","45038053","423291","english.all.3class.distsim.crf.ser","The Court","ORGANIZATION","6491","8","2"
"5b5a9e18-31e6-433b-bfc2-7e89a81677ed","45038051","423291","english.all.3class.distsim.crf.ser","The Court","ORGANIZATION","6491","8","1"
"5c4e2aa4-3179-4d99-9fe2-74c7bb5802a9","45041904","423294","english.all.3class.distsim.crf.ser","Acting Department of Homeland Security","ORGANIZATION","883293","5","1"
"5dee19b7-0803-4d3a-8319-197bd773d0fe","45316032","424191","english.all.3class.distsim.crf.ser","Mid Essex Clinical Commissioning Group","ORGANIZATION","887467","3","1"
"5def5b8b-6be4-4bf9-a424-d06c27224620","45270756","423929","english.all.3class.distsim.crf.ser","Salt Lake City Police Department","ORGANIZATION","70044","17","1"
"5def5b8b-6be4-4bf9-a424-d06c27224620","45270711","423929","english.all.3class.distsim.crf.ser","Salt Lake City Police Department","ORGANIZATION","70044","4","2"
"62683c84-e9af-49fe-8ba7-9affa317b649","45286612","424079","english.all.3class.distsim.crf.ser","CIA","ORGANIZATION","968","11","1"
"62ba2c76-e641-485a-af84-17001fbc642d","44989736","423142","english.all.3class.distsim.crf.ser","Fox & Friends","ORGANIZATION","2054","5","1"
"65b0fba7-046c-4404-b02c-9bc5d0f06ab5","45118177","423456","english.all.3class.distsim.crf.ser","Democratic National Committee","ORGANIZATION","2579","4","1"
"65b0fba7-046c-4404-b02c-9bc5d0f06ab5","45286631","424079","english.all.3class.distsim.crf.ser","Democratic National Committee","ORGANIZATION","2579","13","1"
"669cd33e-0975-426a-83d9-b70fb3b829c7","45300580","424086","english.all.3class.distsim.crf.ser","Judicial Watch","ORGANIZATION","30048","6","1"
"67eb7cf9-8a50-455b-b12d-825052592611","45233355","423770","english.all.3class.distsim.crf.ser","Cox","ORGANIZATION","16331","27","2"
"6a199311-e4e7-4154-8e88-1700525fbfa3","45118186","423456","english.all.3class.distsim.crf.ser","Trump Make America Great Again Committee","ORGANIZATION","265294","7","1"
"6a904d3f-94b2-42d8-8896-201f64082b7a","45041907","423294","english.all.3class.distsim.crf.ser","Washington Post","ORGANIZATION","2819","5","1"
"6aba85f8-bb9e-4b27-baa3-983a2445ca18","45318253","424195","english.all.3class.distsim.crf.ser","Earls High School","ORGANIZATION","887500","15","1"
"6aff85c3-428f-4050-b681-96986def731d","31202469","320418","english.all.3class.distsim.crf.ser","British Parliament","ORGANIZATION","70687","7","1"
"6d0f23fd-cf94-4a1d-934b-7e9e20906173","45349411","424392","english.all.3class.distsim.crf.ser","ABC News","ORGANIZATION","7760","9","2"
"6f08ce54-d2ac-455a-a6ea-41d90ffe7169","45295165","424082","english.all.3class.distsim.crf.ser","FBI","ORGANIZATION","156","6","2"
"6f08ce54-d2ac-455a-a6ea-41d90ffe7169","45233261","423770","english.all.3class.distsim.crf.ser","FBI","ORGANIZATION","156","11","1"
"6f08ce54-d2ac-455a-a6ea-41d90ffe7169","45159528","423618","english.all.3class.distsim.crf.ser","FBI","ORGANIZATION","156","11","1"
"6f08ce54-d2ac-455a-a6ea-41d90ffe7169","45159555","423618","english.all.3class.distsim.crf.ser","FBI","ORGANIZATION","156","14","1"
"6f08ce54-d2ac-455a-a6ea-41d90ffe7169","45114434","423453","english.all.3class.distsim.crf.ser","FBI","ORGANIZATION","156","3","1"
"6f08ce54-d2ac-455a-a6ea-41d90ffe7169","45300545","424086","english.all.3class.distsim.crf.ser","FBI","ORGANIZATION","156","1","1"
"6f08ce54-d2ac-455a-a6ea-41d90ffe7169","45300555","424086","english.all.3class.distsim.crf.ser","FBI","ORGANIZATION","156","2","1"
"6f08ce54-d2ac-455a-a6ea-41d90ffe7169","45300572","424086","english.all.3class.distsim.crf.ser","FBI","ORGANIZATION","156","5","1"
"6f08ce54-d2ac-455a-a6ea-41d90ffe7169","45295170","424082","english.all.3class.distsim.crf.ser","FBI","ORGANIZATION","156","7","1"
"6f08ce54-d2ac-455a-a6ea-41d90ffe7169","45300578","424086","english.all.3class.distsim.crf.ser","FBI","ORGANIZATION","156","6","1"
"6f08ce54-d2ac-455a-a6ea-41d90ffe7169","45300590","424086","english.all.3class.distsim.crf.ser","FBI","ORGANIZATION","156","8","2"
"6f08ce54-d2ac-455a-a6ea-41d90ffe7169","45233277","423770","english.all.3class.distsim.crf.ser","FBI","ORGANIZATION","156","14","1"
"6f08ce54-d2ac-455a-a6ea-41d90ffe7169","45286583","424079","english.all.3class.distsim.crf.ser","FBI","ORGANIZATION","156","6","2"
"6f08ce54-d2ac-455a-a6ea-41d90ffe7169","45295151","424082","english.all.3class.distsim.crf.ser","FBI","ORGANIZATION","156","5","1"
"6f221081-8ae7-4999-8e9c-e21d12c0dd53","45354732","424397","english.all.3class.distsim.crf.ser","Foreign Ministry","ORGANIZATION","3924","1","1"
"6f3d4558-d185-48f6-8947-1a9f6e89ec99","45316070","424191","english.all.3class.distsim.crf.ser","Mid Essex CCG","ORGANIZATION","887469","9","1"
"6f6565b3-5e3b-4f17-8324-5ce8cbc12af6","45321369","424237","english.all.3class.distsim.crf.ser","KXAS-TV","ORGANIZATION","93448","5","2"
"71974d89-fd58-47bd-a460-c17e40f951cf","45041947","423294","english.all.3class.distsim.crf.ser","CBP","ORGANIZATION","4177","11","1"
"71974d89-fd58-47bd-a460-c17e40f951cf","45041955","423294","english.all.3class.distsim.crf.ser","CBP","ORGANIZATION","4177","12","2"
"71974d89-fd58-47bd-a460-c17e40f951cf","45041915","423294","english.all.3class.distsim.crf.ser","CBP","ORGANIZATION","4177","6","1"
"720b74e1-2947-4a60-b10f-9cff28e56eaf","45323284","424239","english.all.3class.distsim.crf.ser","The Washington Post","ORGANIZATION","1339","5","2"
"720b74e1-2947-4a60-b10f-9cff28e56eaf","45035647","423290","english.all.3class.distsim.crf.ser","The Washington Post","ORGANIZATION","1339","5","1"
"74d9ac4a-86f8-41d8-8f4c-4c3656857d06","44989744","423142","english.all.3class.distsim.crf.ser","Office of Special Counsel","ORGANIZATION","107792","8","5"
"74d9ac4a-86f8-41d8-8f4c-4c3656857d06","44989720","423142","english.all.3class.distsim.crf.ser","Office of Special Counsel","ORGANIZATION","107792","3","1"
"74ea9403-9023-4916-bd32-b2d1c155e720","45239819","423775","english.all.3class.distsim.crf.ser","Administrative Hearing Commission","ORGANIZATION","633955","6","1"
"74ea9403-9023-4916-bd32-b2d1c155e720","45239814","423775","english.all.3class.distsim.crf.ser","Administrative Hearing Commission","ORGANIZATION","633955","5","1"
"7585cdd2-4607-4adb-b1a1-f95c35d71c2d","45117344","423455","english.all.3class.distsim.crf.ser","HBO","ORGANIZATION","5436","2","2"
"76156b14-fdad-473b-8f3f-0299d18688a3","45384694","424543","english.all.3class.distsim.crf.ser","Marriott","ORGANIZATION","25972","17","2"
"76d916cd-4cf5-4694-ac74-6b0a01168286","45348093","424390","english.all.3class.distsim.crf.ser","Fresno Police","ORGANIZATION","195540","2","1"
"77e05ec8-624c-4cc6-8c51-6f3bcd88eb69","45301832","424087","english.all.3class.distsim.crf.ser","NSC","ORGANIZATION","4596","6","3"
"78c2afda-42ac-4437-afe3-e4185e888ebb","44989748","423142","english.all.3class.distsim.crf.ser","Fox News","ORGANIZATION","1860","9","1"
"78c2afda-42ac-4437-afe3-e4185e888ebb","45286611","424079","english.all.3class.distsim.crf.ser","Fox News","ORGANIZATION","1860","11","1"
"78c2afda-42ac-4437-afe3-e4185e888ebb","45270760","423929","english.all.3class.distsim.crf.ser","Fox News","ORGANIZATION","1860","18","1"
"78c2afda-42ac-4437-afe3-e4185e888ebb","45273616","423932","english.all.3class.distsim.crf.ser","Fox News","ORGANIZATION","1860","10","1"
"78c2afda-42ac-4437-afe3-e4185e888ebb","45272310","423931","english.all.3class.distsim.crf.ser","Fox News","ORGANIZATION","1860","2","1"
"78c2afda-42ac-4437-afe3-e4185e888ebb","45118195","423456","english.all.3class.distsim.crf.ser","Fox News","ORGANIZATION","1860","9","1"
"78c2afda-42ac-4437-afe3-e4185e888ebb","45233318","423770","english.all.3class.distsim.crf.ser","Fox News","ORGANIZATION","1860","20","1"
"78c2afda-42ac-4437-afe3-e4185e888ebb","45233304","423770","english.all.3class.distsim.crf.ser","Fox News","ORGANIZATION","1860","18","2"
"78c2afda-42ac-4437-afe3-e4185e888ebb","45233278","423770","english.all.3class.distsim.crf.ser","Fox News","ORGANIZATION","1860","14","1"
"78c2afda-42ac-4437-afe3-e4185e888ebb","45233224","423770","english.all.3class.distsim.crf.ser","Fox News","ORGANIZATION","1860","7","1"
"78c2afda-42ac-4437-afe3-e4185e888ebb","44981526","423135","english.all.3class.distsim.crf.ser","Fox News","ORGANIZATION","1860","13","1"
"78c2afda-42ac-4437-afe3-e4185e888ebb","45298822","424085","english.all.3class.distsim.crf.ser","Fox News","ORGANIZATION","1860","20","1"
"78c2afda-42ac-4437-afe3-e4185e888ebb","45298739","424085","english.all.3class.distsim.crf.ser","Fox News","ORGANIZATION","1860","2","1"
"78c2afda-42ac-4437-afe3-e4185e888ebb","45035710","423290","english.all.3class.distsim.crf.ser","Fox News","ORGANIZATION","1860","19","1"
"78c2afda-42ac-4437-afe3-e4185e888ebb","45035704","423290","english.all.3class.distsim.crf.ser","Fox News","ORGANIZATION","1860","17","1"
"78c2afda-42ac-4437-afe3-e4185e888ebb","45035684","423290","english.all.3class.distsim.crf.ser","Fox News","ORGANIZATION","1860","12","1"
"78c2afda-42ac-4437-afe3-e4185e888ebb","45035675","423290","english.all.3class.distsim.crf.ser","Fox News","ORGANIZATION","1860","10","1"
"78c2afda-42ac-4437-afe3-e4185e888ebb","45035669","423290","english.all.3class.distsim.crf.ser","Fox News","ORGANIZATION","1860","9","1"
"78c2afda-42ac-4437-afe3-e4185e888ebb","45035637","423290","english.all.3class.distsim.crf.ser","Fox News","ORGANIZATION","1860","4","1"
"78c2afda-42ac-4437-afe3-e4185e888ebb","45035631","423290","english.all.3class.distsim.crf.ser","Fox News","ORGANIZATION","1860","3","1"
"78c2afda-42ac-4437-afe3-e4185e888ebb","45035620","423290","english.all.3class.distsim.crf.ser","Fox News","ORGANIZATION","1860","2","1"
"78c2afda-42ac-4437-afe3-e4185e888ebb","45349372","424392","english.all.3class.distsim.crf.ser","Fox News","ORGANIZATION","1860","1","1"
"78c2afda-42ac-4437-afe3-e4185e888ebb","45114499","423453","english.all.3class.distsim.crf.ser","Fox News","ORGANIZATION","1860","11","1"
"78c2afda-42ac-4437-afe3-e4185e888ebb","45047513","423298","english.all.3class.distsim.crf.ser","Fox News","ORGANIZATION","1860","15","1"
"78c2afda-42ac-4437-afe3-e4185e888ebb","45323298","424239","english.all.3class.distsim.crf.ser","Fox News","ORGANIZATION","1860","9","1"
"78c2afda-42ac-4437-afe3-e4185e888ebb","45323262","424239","english.all.3class.distsim.crf.ser","Fox News","ORGANIZATION","1860","2","1"
"78c2afda-42ac-4437-afe3-e4185e888ebb","45383605","424541","english.all.3class.distsim.crf.ser","Fox News","ORGANIZATION","1860","4","1"
"78c2afda-42ac-4437-afe3-e4185e888ebb","45046025","423297","english.all.3class.distsim.crf.ser","Fox News","ORGANIZATION","1860","2","3"
"78c2afda-42ac-4437-afe3-e4185e888ebb","44983421","423137","english.all.3class.distsim.crf.ser","Fox News","ORGANIZATION","1860","8","1"
"78c2afda-42ac-4437-afe3-e4185e888ebb","44983392","423137","english.all.3class.distsim.crf.ser","Fox News","ORGANIZATION","1860","3","1"
"78c2afda-42ac-4437-afe3-e4185e888ebb","44983383","423137","english.all.3class.distsim.crf.ser","Fox News","ORGANIZATION","1860","1","1"
"78c2afda-42ac-4437-afe3-e4185e888ebb","45266514","423925","english.all.3class.distsim.crf.ser","Fox News","ORGANIZATION","1860","9","1"
"78c2afda-42ac-4437-afe3-e4185e888ebb","45354813","424397","english.all.3class.distsim.crf.ser","Fox News","ORGANIZATION","1860","10","1"
"78c2afda-42ac-4437-afe3-e4185e888ebb","45354795","424397","english.all.3class.distsim.crf.ser","Fox News","ORGANIZATION","1860","8","1"
"78c2afda-42ac-4437-afe3-e4185e888ebb","45232309","423769","english.all.3class.distsim.crf.ser","Fox News","ORGANIZATION","1860","7","1"
"78c2afda-42ac-4437-afe3-e4185e888ebb","45232301","423769","english.all.3class.distsim.crf.ser","Fox News","ORGANIZATION","1860","6","1"
"78c2afda-42ac-4437-afe3-e4185e888ebb","45232294","423769","english.all.3class.distsim.crf.ser","Fox News","ORGANIZATION","1860","5","2"
"78c2afda-42ac-4437-afe3-e4185e888ebb","45351535","424394","english.all.3class.distsim.crf.ser","Fox News","ORGANIZATION","1860","1","1"
"78c2afda-42ac-4437-afe3-e4185e888ebb","45232290","423769","english.all.3class.distsim.crf.ser","Fox News","ORGANIZATION","1860","5","1"
"78c2afda-42ac-4437-afe3-e4185e888ebb","45324838","424240","english.all.3class.distsim.crf.ser","Fox News","ORGANIZATION","1860","15","1"
"78c2afda-42ac-4437-afe3-e4185e888ebb","45387151","424546","english.all.3class.distsim.crf.ser","Fox News","ORGANIZATION","6302","2","1"
"78c2afda-42ac-4437-afe3-e4185e888ebb","45038075","423291","english.all.3class.distsim.crf.ser","Fox News","ORGANIZATION","1860","13","1"
"78c2afda-42ac-4437-afe3-e4185e888ebb","45235524","423772","english.all.3class.distsim.crf.ser","Fox News","ORGANIZATION","1860","23","1"
"78c2afda-42ac-4437-afe3-e4185e888ebb","45240993","423776","english.all.3class.distsim.crf.ser","Fox News","ORGANIZATION","1860","4","1"
"78c2afda-42ac-4437-afe3-e4185e888ebb","44982843","423136","english.all.3class.distsim.crf.ser","Fox News","ORGANIZATION","1860","10","1"
"78c2afda-42ac-4437-afe3-e4185e888ebb","45151183","423612","english.all.3class.distsim.crf.ser","Fox News","ORGANIZATION","1860","3","1"
"78c2afda-42ac-4437-afe3-e4185e888ebb","45238968","423774","english.all.3class.distsim.crf.ser","Fox News","ORGANIZATION","1860","9","1"
"7b2c3e54-4bba-400d-b5ee-bcc8ca6a5f26","45342789","424355","english.all.3class.distsim.crf.ser","EU","ORGANIZATION","422","2","2"
"7bd9647a-07ee-4189-8a3c-b1ab3a6af272","45295105","424082","english.all.3class.distsim.crf.ser","House Intelligence Committee Ranking","ORGANIZATION","625260","1","1"
"7d7f6238-7e16-4230-b4c9-a6b52b7693eb","45295152","424082","english.all.3class.distsim.crf.ser","State Department","ORGANIZATION","5095","5","1"
"7eac8913-ddc2-4b3e-9cf4-7f39dfe3bb89","45235497","423772","english.all.3class.distsim.crf.ser","North County Police Cooperative","ORGANIZATION","879768","15","1"
"7eac8913-ddc2-4b3e-9cf4-7f39dfe3bb89","45235418","423772","english.all.3class.distsim.crf.ser","North County Police Cooperative","ORGANIZATION","879768","3","1"
"7eac8913-ddc2-4b3e-9cf4-7f39dfe3bb89","45235533","423772","english.all.3class.distsim.crf.ser","North County Police Cooperative","ORGANIZATION","879768","27","1"
"7eac8913-ddc2-4b3e-9cf4-7f39dfe3bb89","45235517","423772","english.all.3class.distsim.crf.ser","North County Police Cooperative","ORGANIZATION","879768","21","1"
"7eac8913-ddc2-4b3e-9cf4-7f39dfe3bb89","45235540","423772","english.all.3class.distsim.crf.ser","North County Police Cooperative","ORGANIZATION","879773","28","1"
"7eac8913-ddc2-4b3e-9cf4-7f39dfe3bb89","45235437","423772","english.all.3class.distsim.crf.ser","North County Police Cooperative","ORGANIZATION","879768","7","1"
"7ed273fd-8c21-49dd-a8d8-c85b59ce7a54","45316062","424191","english.all.3class.distsim.crf.ser","CCG","ORGANIZATION","153036","8","1"
"7ed273fd-8c21-49dd-a8d8-c85b59ce7a54","45316034","424191","english.all.3class.distsim.crf.ser","CCG","ORGANIZATION","153036","3","1"
"7ed273fd-8c21-49dd-a8d8-c85b59ce7a54","45316042","424191","english.all.3class.distsim.crf.ser","CCG","ORGANIZATION","153036","4","2"
"7ed273fd-8c21-49dd-a8d8-c85b59ce7a54","45316046","424191","english.all.3class.distsim.crf.ser","CCG","ORGANIZATION","153036","6","1"
"7f2d97d7-b0d2-40d9-9c9e-74eb53cdd616","45111572","423451","english.all.3class.distsim.crf.ser","Oregon Liquor Control Board","ORGANIZATION","884555","5","1"
"7f2f4e24-b460-46dd-83b8-356ee7afb2b4","45041935","423294","english.all.3class.distsim.crf.ser","Democratic Party","ORGANIZATION","3436","9","2"
"7f2f4e24-b460-46dd-83b8-356ee7afb2b4","45351540","424394","english.all.3class.distsim.crf.ser","Democratic Party","ORGANIZATION","3436","2","3"
"7f2f4e24-b460-46dd-83b8-356ee7afb2b4","45351537","424394","english.all.3class.distsim.crf.ser","Democratic Party","ORGANIZATION","3436","1","1"
"7f2f4e24-b460-46dd-83b8-356ee7afb2b4","45351564","424394","english.all.3class.distsim.crf.ser","Democratic Party","ORGANIZATION","3436","6","1"
"7f795e4b-ae6a-4c1a-8626-9077a0633500","45270740","423929","english.all.3class.distsim.crf.ser","The University of Utah","ORGANIZATION","49514","14","1"
"80e43b61-95c6-424b-89f0-bb4e9d428d88","45034828","423289","english.all.3class.distsim.crf.ser","CDC Foundation","ORGANIZATION","883216","9","1"
"816f6cda-0826-4f7b-8bb1-5f5d5750f90f","45286620","424079","english.all.3class.distsim.crf.ser","House Judiciary Committee","ORGANIZATION","26078","12","1"
"81dda69e-bf3f-4231-ba36-ef10d70b36a8","45113113","423452","english.all.3class.distsim.crf.ser","Chevrolet Corvette","ORGANIZATION","556931","1","1"
"83d184d9-2967-4fc0-af8d-a47a7b192160","44989708","423142","english.all.3class.distsim.crf.ser","House Oversight Committee","ORGANIZATION","53531","1","1"
"860e29a2-167d-4729-b9fa-911a4fff0bb2","45152180","423613","english.all.3class.distsim.crf.ser","Pentagon","ORGANIZATION","1782","5","1"
"860e29a2-167d-4729-b9fa-911a4fff0bb2","45289354","424080","english.all.3class.distsim.crf.ser","Pentagon","ORGANIZATION","1782","32","2"
"860e29a2-167d-4729-b9fa-911a4fff0bb2","45289326","424080","english.all.3class.distsim.crf.ser","Pentagon","ORGANIZATION","1782","27","2"
"860e29a2-167d-4729-b9fa-911a4fff0bb2","45324783","424240","english.all.3class.distsim.crf.ser","Pentagon","ORGANIZATION","1782","1","1"
"860e29a2-167d-4729-b9fa-911a4fff0bb2","45324804","424240","english.all.3class.distsim.crf.ser","Pentagon","ORGANIZATION","1782","4","2"
"860e29a2-167d-4729-b9fa-911a4fff0bb2","44983403","423137","english.all.3class.distsim.crf.ser","Pentagon","ORGANIZATION","1782","4","3"
"860e29a2-167d-4729-b9fa-911a4fff0bb2","44983452","423137","english.all.3class.distsim.crf.ser","Pentagon","ORGANIZATION","1782","13","1"
"8a62d68a-024b-4d37-af33-1aa0db62e72d","45318258","424195","english.all.3class.distsim.crf.ser","Dudley Council","ORGANIZATION","887498","16","1"
"8a62d68a-024b-4d37-af33-1aa0db62e72d","45318235","424195","english.all.3class.distsim.crf.ser","Dudley Council","ORGANIZATION","887498","4","1"
"8b9f44e7-5aed-47ef-9872-2ddcecf8ee65","45268750","423927","english.all.3class.distsim.crf.ser","New Yorker","ORGANIZATION","3262","2","1"
"8c91b68f-9af2-4b01-8065-40e61f4ad952","45324802","424240","english.all.3class.distsim.crf.ser","National Guard","ORGANIZATION","10022","4","2"
"8c91b68f-9af2-4b01-8065-40e61f4ad952","45269468","423928","english.all.3class.distsim.crf.ser","National Guard","ORGANIZATION","10022","1","1"
"8c91b68f-9af2-4b01-8065-40e61f4ad952","45324831","424240","english.all.3class.distsim.crf.ser","National Guard","ORGANIZATION","887578","12","1"
"8c91b68f-9af2-4b01-8065-40e61f4ad952","45269475","423928","english.all.3class.distsim.crf.ser","National Guard","ORGANIZATION","10022","2","1"
"8e929cb7-0c57-4004-8183-818baf324e23","45035691","423290","english.all.3class.distsim.crf.ser","Customs Enforcement","ORGANIZATION","9595","13","2"
"8e929cb7-0c57-4004-8183-818baf324e23","45035613","423290","english.all.3class.distsim.crf.ser","Customs Enforcement","ORGANIZATION","9595","1","1"
"8e929cb7-0c57-4004-8183-818baf324e23","45041893","423294","english.all.3class.distsim.crf.ser","Customs Enforcement","ORGANIZATION","9595","2","1"
"8ea63f8e-7b70-462e-8fcc-5982d735b836","45383600","424541","english.all.3class.distsim.crf.ser","Playboy","ORGANIZATION","2893","3","2"
"8ea63f8e-7b70-462e-8fcc-5982d735b836","45383580","424541","english.all.3class.distsim.crf.ser","Playboy","ORGANIZATION","2893","1","1"
"8f1b7b7a-e437-4e65-9c15-cdf42493eee4","45237488","423773","english.all.3class.distsim.crf.ser","Citizens Bank Park","ORGANIZATION","790238","2","1"
"92454520-bc4d-4f1a-baed-8c2a25632ce3","45389092","424548","english.all.3class.distsim.crf.ser","Soho Farmhouse","ORGANIZATION","348204","6","2"
"93441ffb-016d-4dd1-bc8d-6eb928f018ad","45350340","424393","english.all.3class.distsim.crf.ser","CNN","ORGANIZATION","4139","1","1"
"93441ffb-016d-4dd1-bc8d-6eb928f018ad","45157737","423616","english.all.3class.distsim.crf.ser","CNN","ORGANIZATION","4139","12","1"
"93441ffb-016d-4dd1-bc8d-6eb928f018ad","45319816","424236","english.all.3class.distsim.crf.ser","CNN","ORGANIZATION","4139","8","1"
"93441ffb-016d-4dd1-bc8d-6eb928f018ad","45350365","424393","english.all.3class.distsim.crf.ser","CNN","ORGANIZATION","4139","6","1"
"9353a3e5-35c8-4120-8505-a828430ae040","45035689","423290","english.all.3class.distsim.crf.ser","Post","ORGANIZATION","1339","13","1"
"9353a3e5-35c8-4120-8505-a828430ae040","45035649","423290","english.all.3class.distsim.crf.ser","Post","ORGANIZATION","1339","5","2"
"93768e32-2318-4041-b448-47f8572e93c4","45382411","424540","english.all.3class.distsim.crf.ser","New York University","ORGANIZATION","1327","13","1"
"940d0c0f-8ab8-4b8e-b515-bd7369f9a9b9","45386275","424545","english.all.3class.distsim.crf.ser","University of Western Australia","ORGANIZATION","86407","3","1"
"9437d664-4fe6-4e1c-ac47-3358516b8828","22317045","283956","english.all.3class.distsim.crf.ser","NPR","ORGANIZATION","2991","7","1"
"94f4b4d3-f91a-4ae4-933e-343c5eec2de5","45237544","423773","english.all.3class.distsim.crf.ser","Phillies","ORGANIZATION","9750","13","1"
"951346b7-9b2e-44ab-863b-2b65372400c7","45111593","423451","english.all.3class.distsim.crf.ser","Craft Cannabis Alliance","ORGANIZATION","884557","8","1"
"9583f7f6-cc76-4530-a46b-58f8cffe530d","45233303","423770","english.all.3class.distsim.crf.ser","Ministry of Public Health","ORGANIZATION","257517","18","2"
"969475a2-09cf-4572-912a-d91528f4e7c7","45289256","424080","english.all.3class.distsim.crf.ser","Capitol","ORGANIZATION","15232","12","2"
"969475a2-09cf-4572-912a-d91528f4e7c7","45154004","423614","english.all.3class.distsim.crf.ser","Capitol","ORGANIZATION","15232","9","1"
"97e6b79a-8556-4616-849f-7c097cbc6e4e","45161111","423619","english.all.3class.distsim.crf.ser","ReUp Education","ORGANIZATION","885219","8","1"
"9839441f-dc25-4285-800b-223fb89d9d22","45319802","424236","english.all.3class.distsim.crf.ser","HHS","ORGANIZATION","6060","5","1"
"9839441f-dc25-4285-800b-223fb89d9d22","45319823","424236","english.all.3class.distsim.crf.ser","HHS","ORGANIZATION","6060","13","2"
"996d9e28-88db-49a6-a9c8-5df0f20d3bda","45161108","423619","english.all.3class.distsim.crf.ser","Pell Grants","ORGANIZATION","200345","7","3"
"99a60bed-0b61-4fdc-8433-89656a9db6a1","44986712","423139","english.all.3class.distsim.crf.ser","SpaceX","ORGANIZATION","5447","2","1"
"99a60bed-0b61-4fdc-8433-89656a9db6a1","44986720","423139","english.all.3class.distsim.crf.ser","SpaceX","ORGANIZATION","5447","7","1"
"9a2b2147-1a4f-4fe0-872d-63dadad5c558","45332342","424349","english.all.3class.distsim.crf.ser","Victorias","ORGANIZATION","887708","13","1"
"9a2b2147-1a4f-4fe0-872d-63dadad5c558","45332335","424349","english.all.3class.distsim.crf.ser","Victorias","ORGANIZATION","887708","2","1"
"9a2b2147-1a4f-4fe0-872d-63dadad5c558","45332344","424349","english.all.3class.distsim.crf.ser","Victorias","ORGANIZATION","887708","14","1"
"9a2b2147-1a4f-4fe0-872d-63dadad5c558","45332338","424349","english.all.3class.distsim.crf.ser","Victorias","ORGANIZATION","887708","6","1"
"9a41b2e1-483c-4c7a-9d92-4f85448d9a56","45324803","424240","english.all.3class.distsim.crf.ser","Reserve Soldiers","ORGANIZATION","887577","4","2"
"9c1fa982-1a9e-41f1-83e1-325c76b7388e","45342869","424355","english.all.3class.distsim.crf.ser","Metro","ORGANIZATION","2249","14","4"
"9c8e7f9c-8d26-4102-8612-cb2af40cd189","45239843","423775","english.all.3class.distsim.crf.ser","Missouri Department of Health and Senior Services","ORGANIZATION","198126","11","2"
"9cd59dd0-317d-48b4-8461-ec6a0e521397","45034797","423289","english.all.3class.distsim.crf.ser","CDC","ORGANIZATION","5877","5","3"
"9cd59dd0-317d-48b4-8461-ec6a0e521397","45034834","423289","english.all.3class.distsim.crf.ser","CDC","ORGANIZATION","883216","9","1"
"9d760a7f-ba9e-43e2-bd8a-255184da75d0","45297602","424084","english.all.3class.distsim.crf.ser","CarMax","ORGANIZATION","78983","1","1"
"9d760a7f-ba9e-43e2-bd8a-255184da75d0","45297612","424084","english.all.3class.distsim.crf.ser","CarMax","ORGANIZATION","78983","3","1"
"9db8e3b4-2461-4deb-9c58-21607197836c","45321365","424237","english.all.3class.distsim.crf.ser","Irving","ORGANIZATION","112138","5","1"
"9e1ba76f-e15a-4782-8a10-71c0c2af4c02","45342809","424355","english.all.3class.distsim.crf.ser","Sussex","ORGANIZATION","1870","6","1"
"9e1ba76f-e15a-4782-8a10-71c0c2af4c02","45342873","424355","english.all.3class.distsim.crf.ser","Sussex","ORGANIZATION","1870","14","5"
"9e8949e3-3a23-4270-8b10-321cd9a77c4b","45040551","423293","english.all.3class.distsim.crf.ser","IOC","ORGANIZATION","42349","9","1"
"9e8949e3-3a23-4270-8b10-321cd9a77c4b","45040526","423293","english.all.3class.distsim.crf.ser","IOC","ORGANIZATION","42349","5","1"
"9e8949e3-3a23-4270-8b10-321cd9a77c4b","45040530","423293","english.all.3class.distsim.crf.ser","IOC","ORGANIZATION","42349","6","1"
"a059b7cf-15ea-4369-b674-fc40733d1139","45041931","423294","english.all.3class.distsim.crf.ser","Center for Immigration Studies","ORGANIZATION","3419","9","1"
"a086282f-9463-450d-82a1-771b749ecf39","45354805","424397","english.all.3class.distsim.crf.ser","U.S. Cyber Command","ORGANIZATION","75204","9","1"
"a086282f-9463-450d-82a1-771b749ecf39","44983386","423137","english.all.3class.distsim.crf.ser","U.S. Cyber Command","ORGANIZATION","75204","2","1"
"a0bf17bb-56ba-4f5d-86dc-db441fe2d6e4","45273611","423932","english.all.3class.distsim.crf.ser","Union Army","ORGANIZATION","115667","9","2"
"a145bf59-be9b-463f-a3ed-61f598286ee8","45353757","424396","english.all.3class.distsim.crf.ser","State","ORGANIZATION","332","3","2"
"a145bf59-be9b-463f-a3ed-61f598286ee8","44983429","423137","english.all.3class.distsim.crf.ser","State","ORGANIZATION","332","10","1"
"a1b853ab-35e9-4fb9-9f4a-94d5e558bf85","27303956","331842","english.all.3class.distsim.crf.ser","St. Ann 's Warehouse","ORGANIZATION","13418","20","3"
"a2d2e1b3-87be-445a-95d9-cad1961d0f1b","45161116","423619","english.all.3class.distsim.crf.ser","Kenzie Academy","ORGANIZATION","885221","16","1"
"a3a50fab-528f-4e1f-b392-c573a211d553","45295139","424082","english.all.3class.distsim.crf.ser","Department of Justice","ORGANIZATION","8813","4","2"
"a41591eb-7fd5-4995-9938-7916fd0b18d0","45261501","423886","english.all.3class.distsim.crf.ser","Home Office","ORGANIZATION","7659","24","1"
"a41591eb-7fd5-4995-9938-7916fd0b18d0","45261509","423886","english.all.3class.distsim.crf.ser","Home Office","ORGANIZATION","7659","30","2"
"a41591eb-7fd5-4995-9938-7916fd0b18d0","45261505","423886","english.all.3class.distsim.crf.ser","Home Office","ORGANIZATION","7659","29","1"
"a4200454-e643-4228-b8f6-795d277b5188","45040013","423292","english.all.3class.distsim.crf.ser","National Geographic","ORGANIZATION","19862","7","1"
"a429711f-3fd1-4e67-b812-989ec7fcbd89","45034785","423289","english.all.3class.distsim.crf.ser","U.S. Centers for Disease Control and Prevention","ORGANIZATION","19386","3","1"
"a4e1f867-99fe-4391-97ef-3d89bc1f4858","45038071","423291","english.all.3class.distsim.crf.ser","Apple","ORGANIZATION","3097","12","3"
"a5beae48-b5e0-4639-ab2a-23e4bfef90d8","45238967","423774","english.all.3class.distsim.crf.ser","Sony","ORGANIZATION","4872","9","1"
"a609d4f0-f7bc-423b-8949-e3716970ce26","45237472","423773","english.all.3class.distsim.crf.ser","New York Mets","ORGANIZATION","87506","1","1"
"a8b32f24-97c4-4749-8897-f25408d986e1","45235440","423772","english.all.3class.distsim.crf.ser","Clay Wellston Food Market Restaurant","ORGANIZATION","879770","7","1"
"a9832dc5-5d34-4931-be63-2ff22db9d108","45035678","423290","english.all.3class.distsim.crf.ser","The Washington Examiner","ORGANIZATION","9215","11","1"
"a9a3387c-2c05-47f1-8a6f-a8a03dbf0c3a","31202643","320418","english.all.3class.distsim.crf.ser","Duke of Cornwall","ORGANIZATION","671301","20","3"
"acb8b6e2-b7e6-4363-a3e4-3c1404dff413","45110405","423450","english.all.3class.distsim.crf.ser","Michelin Star","ORGANIZATION","858130","4","1"
"acb8b6e2-b7e6-4363-a3e4-3c1404dff413","45110409","423450","english.all.3class.distsim.crf.ser","Michelin Star","ORGANIZATION","858130","5","1"
"acb8b6e2-b7e6-4363-a3e4-3c1404dff413","45110418","423450","english.all.3class.distsim.crf.ser","Michelin Star","ORGANIZATION","858130","6","3"
"acb8b6e2-b7e6-4363-a3e4-3c1404dff413","45110385","423450","english.all.3class.distsim.crf.ser","Michelin Star","ORGANIZATION","858130","1","1"
"ad03cfe8-b225-4302-9b41-a85f7c6607e0","45321349","424237","english.all.3class.distsim.crf.ser","Dallas Morning News","ORGANIZATION","28609","3","1"
"b1cf62cd-40e1-43a0-a6cd-431043f0670a","45161117","423619","english.all.3class.distsim.crf.ser","Lambda School","ORGANIZATION","77275","16","1"
"b304c7d4-b796-4813-a42b-335f747b69b7","45297610","424084","english.all.3class.distsim.crf.ser","Bakersfield Californian","ORGANIZATION","90377","2","2"
"b5f23f45-0b8e-4274-ad43-7b5de74842ca","45331326","424348","english.all.3class.distsim.crf.ser","NHS","ORGANIZATION","8290","7","1"
"b5f23f45-0b8e-4274-ad43-7b5de74842ca","45316078","424191","english.all.3class.distsim.crf.ser","NHS","ORGANIZATION","8290","10","1"
"b7481eb5-8212-4120-99d8-bef991c382d8","45118176","423456","english.all.3class.distsim.crf.ser","RNC","ORGANIZATION","14334","4","1"
"b824406a-3178-45b3-81be-3c084f1e1a0b","45116119","423454","english.all.3class.distsim.crf.ser","WAFA","ORGANIZATION","240562","7","2"
"b824406a-3178-45b3-81be-3c084f1e1a0b","45116118","423454","english.all.3class.distsim.crf.ser","WAFA","ORGANIZATION","240562","7","1"
"bbd78143-5740-45c4-9695-4013a8faa547","45044540","423296","english.all.3class.distsim.crf.ser","USC Information Sciences Institute","ORGANIZATION","883323","2","1"
"bd2a57b3-fd10-4868-878c-4ecc2df30b2f","45266506","423925","english.all.3class.distsim.crf.ser","Estee Lauder","ORGANIZATION","200622","6","1"
"bdc50506-d319-4b07-b49f-3b53d2450ff4","15304668","305370","english.all.3class.distsim.crf.ser","American Legion","ORGANIZATION","56097","8","3"
"bde66dee-2407-44e4-83da-a371dd08d397","45345193","424388","english.all.3class.distsim.crf.ser","NCIS","ORGANIZATION","18835","14","1"
"bf219fde-1af9-4d7f-a854-a38def012a8c","45114482","423453","english.all.3class.distsim.crf.ser","Labour Party","ORGANIZATION","16429","8","1"
"bf8d0c52-f72e-4aec-9637-4bb757df16be","45324801","424240","english.all.3class.distsim.crf.ser","United States Army","ORGANIZATION","12582","4","1"
"c195c6a0-925e-4def-b29d-bcbe0e606de0","45346869","424389","english.all.3class.distsim.crf.ser","Cooper University Hospital","ORGANIZATION","708191","3","2"
"c1c8bed7-a53b-4f36-864a-1b928e7c6d53","45157739","423616","english.all.3class.distsim.crf.ser","New York Post","ORGANIZATION","5081","12","1"
"c2682f5a-45a7-4c18-8296-c3249ae148fb","45352783","424395","english.all.3class.distsim.crf.ser","Sky News","ORGANIZATION","1873","5","1"
"c2682f5a-45a7-4c18-8296-c3249ae148fb","45352773","424395","english.all.3class.distsim.crf.ser","Sky News","ORGANIZATION","1873","4","1"
"c32d88a1-6d2c-46ba-8e3c-16f30dab818a","45286601","424079","english.all.3class.distsim.crf.ser","Durham","ORGANIZATION","18558","10","1"
"c5228c2e-4ead-4aa2-ae56-f2f408a1a27a","45269494","423928","english.all.3class.distsim.crf.ser","AFP","ORGANIZATION","11437","4","1"
"c526b793-6d55-4ed1-84c8-9ee636abca53","45152221","423613","english.all.3class.distsim.crf.ser","National Defense Strategy Commission","ORGANIZATION","208983","12","1"
"c5b2953e-827c-4667-8759-cd4a573e7ed3","44981466","423135","english.all.3class.distsim.crf.ser","NBC News Democratic","ORGANIZATION","882474","1","1"
"c5d42ed9-dd81-4d93-a414-d4eb28981b48","45041903","423294","english.all.3class.distsim.crf.ser","Washington Examiner","ORGANIZATION","9201","5","1"
"c64b8efd-14bb-4814-8d9b-d09357bc4f6a","44987612","423140","english.all.3class.distsim.crf.ser","Macomb Daily","ORGANIZATION","882560","5","2"
"c64b8efd-14bb-4814-8d9b-d09357bc4f6a","44987603","423140","english.all.3class.distsim.crf.ser","Macomb Daily","ORGANIZATION","882560","3","1"
"c6c90bed-9f43-4222-947d-0e799bd9565a","45289333","424080","english.all.3class.distsim.crf.ser","Capitol Hill","ORGANIZATION","408","29","1"
"c6eff5ca-2070-4776-bcf1-f83538872899","45289233","424080","english.all.3class.distsim.crf.ser","Senate Appropriations Committee","ORGANIZATION","15212","4","1"
"c6eff5ca-2070-4776-bcf1-f83538872899","45300588","424086","english.all.3class.distsim.crf.ser","Senate Appropriations Committee","ORGANIZATION","15212","7","1"
"c7c599fc-dd5f-4908-99ac-dcff90607084","45383592","424541","english.all.3class.distsim.crf.ser","Waves for Water","ORGANIZATION","888287","2","2"
"c8b2985a-dbe5-4bae-b122-7c1f97029e3d","45342813","424355","english.all.3class.distsim.crf.ser","Treasury","ORGANIZATION","4112","6","3"
"c8b2985a-dbe5-4bae-b122-7c1f97029e3d","45273602","423932","english.all.3class.distsim.crf.ser","Treasury","ORGANIZATION","6575","6","1"
"c8b2985a-dbe5-4bae-b122-7c1f97029e3d","45354786","424397","english.all.3class.distsim.crf.ser","Treasury","ORGANIZATION","4112","7","2"
"c8b2985a-dbe5-4bae-b122-7c1f97029e3d","45289222","424080","english.all.3class.distsim.crf.ser","Treasury","ORGANIZATION","4112","3","1"
"c8b2985a-dbe5-4bae-b122-7c1f97029e3d","45232272","423769","english.all.3class.distsim.crf.ser","Treasury","ORGANIZATION","4112","3","2"
"cb7ea070-0b65-4a2b-876e-d364355c6794","45040563","423293","english.all.3class.distsim.crf.ser","ABBA","ORGANIZATION","24100","10","1"
"cb7ea070-0b65-4a2b-876e-d364355c6794","45040561","423293","english.all.3class.distsim.crf.ser","ABBA","ORGANIZATION","24100","10","1"
"cc1a1f1a-9990-4d49-bf80-2d4e91656476","45273594","423932","english.all.3class.distsim.crf.ser","Senate","ORGANIZATION","376","4","1"
"cc1a1f1a-9990-4d49-bf80-2d4e91656476","45111570","423451","english.all.3class.distsim.crf.ser","Senate","ORGANIZATION","376","5","1"
"cc1a1f1a-9990-4d49-bf80-2d4e91656476","45151193","423612","english.all.3class.distsim.crf.ser","Senate","ORGANIZATION","376","4","3"
"cc1a1f1a-9990-4d49-bf80-2d4e91656476","45273580","423932","english.all.3class.distsim.crf.ser","Senate","ORGANIZATION","376","2","1"
"cc1a1f1a-9990-4d49-bf80-2d4e91656476","45289248","424080","english.all.3class.distsim.crf.ser","Senate","ORGANIZATION","15212","10","2"
"cc1a1f1a-9990-4d49-bf80-2d4e91656476","45111573","423451","english.all.3class.distsim.crf.ser","Senate","ORGANIZATION","376","5","1"
"cc1a1f1a-9990-4d49-bf80-2d4e91656476","45289371","424080","english.all.3class.distsim.crf.ser","Senate","ORGANIZATION","15212","36","5"
"cc1a1f1a-9990-4d49-bf80-2d4e91656476","45289370","424080","english.all.3class.distsim.crf.ser","Senate","ORGANIZATION","15212","36","4"
"cc53b1bd-7813-47df-9e14-b9e50cf0ddd7","45239830","423775","english.all.3class.distsim.crf.ser","AHC","ORGANIZATION","633955","9","1"
"ccf7ba4b-4c8a-4028-b822-a74a88386138","45342771","424355","english.all.3class.distsim.crf.ser","Brexit","ORGANIZATION","305","1","2"
"cde9e2ae-8260-40ac-a27b-f608425b9d09","45354754","424397","english.all.3class.distsim.crf.ser","Reuters","ORGANIZATION","113","3","1"
"cf399fb6-1198-4214-8636-27a71192d33d","45324788","424240","english.all.3class.distsim.crf.ser","National Defense Strategy","ORGANIZATION","47711","2","2"
"cfacd7e7-0655-4117-9220-f3476218049d","45286561","424079","english.all.3class.distsim.crf.ser","House Freedom Caucus","ORGANIZATION","3600","2","1"
"d08b3b90-0eba-4bc4-a430-13b0421c904b","45332355","424349","english.all.3class.distsim.crf.ser","United Voices of the World Union","ORGANIZATION","153400","22","1"
"d3153473-d310-4afd-920c-1fc449a50333","45034824","423289","english.all.3class.distsim.crf.ser","PSA","ORGANIZATION","23532","9","1"
"d31a3a3b-bd6e-4e7c-8a90-721f161fc5d6","44987614","423140","english.all.3class.distsim.crf.ser","St. Clair Shores Police Department","ORGANIZATION","201828","6","1"
"d35aa9fa-52e3-4c51-ad75-e4f371827872","45111562","423451","english.all.3class.distsim.crf.ser","Oregon Liquor Control Commission","ORGANIZATION","86707","3","1"
"d366e969-c959-4420-b03d-d1a651c86e2c","45040011","423292","english.all.3class.distsim.crf.ser","World Wildlife Fund","ORGANIZATION","16727","6","1"
"d385fa46-88fb-4209-ac5e-0258211246de","45316040","424191","english.all.3class.distsim.crf.ser","Public Health England","ORGANIZATION","16488","4","1"
"d4b875f9-4056-49ab-b70c-edd8d21ae874","45331338","424348","english.all.3class.distsim.crf.ser","Nato","ORGANIZATION","1278","9","1"
"d4b875f9-4056-49ab-b70c-edd8d21ae874","45331348","424348","english.all.3class.distsim.crf.ser","Nato","ORGANIZATION","1278","11","1"
"d52a991a-d872-4454-bc80-73edd32da062","45237550","423773","english.all.3class.distsim.crf.ser","Mets","ORGANIZATION","87506","14","1"
"d52a991a-d872-4454-bc80-73edd32da062","45237527","423773","english.all.3class.distsim.crf.ser","Mets","ORGANIZATION","87506","7","1"
"d52a991a-d872-4454-bc80-73edd32da062","45237534","423773","english.all.3class.distsim.crf.ser","Mets","ORGANIZATION","87506","10","1"
"d52a991a-d872-4454-bc80-73edd32da062","45237508","423773","english.all.3class.distsim.crf.ser","Mets","ORGANIZATION","87506","4","1"
"d52a991a-d872-4454-bc80-73edd32da062","45237486","423773","english.all.3class.distsim.crf.ser","Mets","ORGANIZATION","87506","2","1"
"d52a991a-d872-4454-bc80-73edd32da062","45237526","423773","english.all.3class.distsim.crf.ser","Mets","ORGANIZATION","87506","7","1"
"d52a991a-d872-4454-bc80-73edd32da062","45237520","423773","english.all.3class.distsim.crf.ser","Mets","ORGANIZATION","87506","5","1"
"d52b3fc1-0a41-45f1-bee6-b3f97231811e","45041936","423294","english.all.3class.distsim.crf.ser","FEC","ORGANIZATION","14103","9","3"
"d59e4a95-a933-44cc-a94f-7e2032b945ac","45237518","423773","english.all.3class.distsim.crf.ser","Newsday","ORGANIZATION","10738","5","1"
"d59e4a95-a933-44cc-a94f-7e2032b945ac","45237492","423773","english.all.3class.distsim.crf.ser","Newsday","ORGANIZATION","10738","2","2"
"d7128b5a-408a-41d1-9b69-279deb9d9dbb","45161106","423619","english.all.3class.distsim.crf.ser","National Student Clearinghouse Research Center","ORGANIZATION","885218","6","4"
"d98a0334-c833-45bb-93b8-05a8ad4aea9e","45286600","424079","english.all.3class.distsim.crf.ser","DOJ","ORGANIZATION","8813","10","1"
"d98a0334-c833-45bb-93b8-05a8ad4aea9e","45286629","424079","english.all.3class.distsim.crf.ser","DOJ","ORGANIZATION","8813","13","1"
"d98a0334-c833-45bb-93b8-05a8ad4aea9e","45300582","424086","english.all.3class.distsim.crf.ser","DOJ","ORGANIZATION","8813","6","3"
"da82138d-6f3e-43fc-9386-7276ffae30a5","44989727","423142","english.all.3class.distsim.crf.ser","The Committee","ORGANIZATION","58035","3","2"
"db4eebaf-b4c5-4894-8ba7-2ff3073c6490","45351576","424394","english.all.3class.distsim.crf.ser","Nation of Islam","ORGANIZATION","4264","7","1"
"dbe9e9c8-d2e9-4ddc-995e-fc81725ffffc","45118189","423456","english.all.3class.distsim.crf.ser","Republican National Committee","ORGANIZATION","14334","7","2"
"de3a6baf-36d4-47ff-ab84-9b51bad1b2f8","45114458","423453","english.all.3class.distsim.crf.ser","BBC","ORGANIZATION","531","6","2"
"de3a6baf-36d4-47ff-ab84-9b51bad1b2f8","45342767","424355","english.all.3class.distsim.crf.ser","BBC","ORGANIZATION","31","1","2"
"de3a6baf-36d4-47ff-ab84-9b51bad1b2f8","45342797","424355","english.all.3class.distsim.crf.ser","BBC","ORGANIZATION","31","4","1"
"de3a6baf-36d4-47ff-ab84-9b51bad1b2f8","45342817","424355","english.all.3class.distsim.crf.ser","BBC","ORGANIZATION","31","7","1"
"de3a6baf-36d4-47ff-ab84-9b51bad1b2f8","45342841","424355","english.all.3class.distsim.crf.ser","BBC","ORGANIZATION","31","9","1"
"de3a6baf-36d4-47ff-ab84-9b51bad1b2f8","45318240","424195","english.all.3class.distsim.crf.ser","BBC","ORGANIZATION","31","5","1"
"e1574a38-3e27-4418-907d-0a42729ba95e","45035664","423290","english.all.3class.distsim.crf.ser","Homeland Security","ORGANIZATION","410","7","1"
"e1574a38-3e27-4418-907d-0a42729ba95e","45035632","423290","english.all.3class.distsim.crf.ser","Homeland Security","ORGANIZATION","410","3","1"
"e1fab1f8-9862-4997-913a-0621be9a9a25","44983455","423137","english.all.3class.distsim.crf.ser","Army","ORGANIZATION","1","13","2"
"e2ba9264-f34d-4975-9e3b-08d5cc56c3ae","45324830","424240","english.all.3class.distsim.crf.ser","Regular Army","ORGANIZATION","887579","12","1"
"e5549b14-910b-44f1-8baa-384e126b6080","45038040","423291","english.all.3class.distsim.crf.ser","Supreme Court","ORGANIZATION","2594","5","1"
"e5549b14-910b-44f1-8baa-384e126b6080","45038020","423291","english.all.3class.distsim.crf.ser","Supreme Court","ORGANIZATION","2594","1","1"
"e5549b14-910b-44f1-8baa-384e126b6080","15304678","305370","english.all.3class.distsim.crf.ser","Supreme Court","ORGANIZATION","2594","11","3"
"e5549b14-910b-44f1-8baa-384e126b6080","45239857","423775","english.all.3class.distsim.crf.ser","Supreme Court","ORGANIZATION","20883","12","1"
"e57ba092-d666-425b-ac09-2cd194ef7bda","45301813","424087","english.all.3class.distsim.crf.ser","MSNBC","ORGANIZATION","2878","1","1"
"e57ba092-d666-425b-ac09-2cd194ef7bda","44981523","423135","english.all.3class.distsim.crf.ser","MSNBC","ORGANIZATION","2878","11","1"
"e57ba092-d666-425b-ac09-2cd194ef7bda","44981463","423135","english.all.3class.distsim.crf.ser","MSNBC","ORGANIZATION","2878","1","1"
"e57ba092-d666-425b-ac09-2cd194ef7bda","44981489","423135","english.all.3class.distsim.crf.ser","MSNBC","ORGANIZATION","2878","4","1"
"e914db0e-f4e4-486c-9f1c-735ff1877f75","45342892","424355","english.all.3class.distsim.crf.ser","Cambridge University","ORGANIZATION","55915","26","1"
"e914db0e-f4e4-486c-9f1c-735ff1877f75","45286613","424079","english.all.3class.distsim.crf.ser","Cambridge University","ORGANIZATION","55915","11","1"
"e9dfff90-f08e-4c36-85fa-70ed2f986b39","45046024","423297","english.all.3class.distsim.crf.ser","MTV","ORGANIZATION","14098","2","1"
"e9dfff90-f08e-4c36-85fa-70ed2f986b39","45046037","423297","english.all.3class.distsim.crf.ser","MTV","ORGANIZATION","14098","8","1"
"ec83885c-d950-436f-8d4c-59c9e0b92843","45239821","423775","english.all.3class.distsim.crf.ser","Reproductive Health Services","ORGANIZATION","748811","6","1"
"ecb1ffce-0be9-4b94-8651-e5730082e002","45331354","424348","english.all.3class.distsim.crf.ser","Strategic Defence and Security Review","ORGANIZATION","763297","13","1"
"ef9c3115-cf2a-4192-878c-202a7e5c5db4","45351558","424394","english.all.3class.distsim.crf.ser","Democrats","ORGANIZATION","407","5","1"
"f1bd7889-9d7e-41d3-bf2d-d9a783096f09","45239836","423775","english.all.3class.distsim.crf.ser","U.S. Supreme Court","ORGANIZATION","20883","10","1"
"f25d580d-19bd-42cb-a923-10e2d0c3edb9","45289276","424080","english.all.3class.distsim.crf.ser","Speaker 's Office","ORGANIZATION","887092","16","1"
"f2b2d508-b952-49b7-bd5e-e2b428bdcaaa","45331316","424348","english.all.3class.distsim.crf.ser","Defence","ORGANIZATION","315","4","1"
"f2b2d508-b952-49b7-bd5e-e2b428bdcaaa","45269486","423928","english.all.3class.distsim.crf.ser","Defense","ORGANIZATION","3607","3","1"
"f2b2d508-b952-49b7-bd5e-e2b428bdcaaa","45324781","424240","english.all.3class.distsim.crf.ser","defense","ORGANIZATION","3607","1","1"
"f2b2d508-b952-49b7-bd5e-e2b428bdcaaa","45289382","424080","english.all.3class.distsim.crf.ser","Defense","ORGANIZATION","3607","39","3"
"f33618d8-d702-4aeb-bb50-78b17b6c0a27","31202646","320418","english.all.3class.distsim.crf.ser","Russell Harvard","ORGANIZATION","279723","20","3"
"f4642b24-2606-4267-881a-0c6321ddc5f4","45322603","424238","english.all.3class.distsim.crf.ser","KCRA","ORGANIZATION","290819","2","1"
"f4fb2213-e7ea-44ff-a054-1af48731b9e0","45114457","423453","english.all.3class.distsim.crf.ser","Facebook","ORGANIZATION","423","6","1"
"f4fb2213-e7ea-44ff-a054-1af48731b9e0","45384653","424543","english.all.3class.distsim.crf.ser","Facebook","ORGANIZATION","423","5","1"
"f4fb2213-e7ea-44ff-a054-1af48731b9e0","45384207","424542","english.all.3class.distsim.crf.ser","Facebook","ORGANIZATION","423","2","1"
"f4fb2213-e7ea-44ff-a054-1af48731b9e0","45110403","423450","english.all.3class.distsim.crf.ser","Facebook","ORGANIZATION","423","4","1"
"f4fb2213-e7ea-44ff-a054-1af48731b9e0","45118832","423457","english.all.3class.distsim.crf.ser","Facebook","ORGANIZATION","423","6","2"
"f4fb2213-e7ea-44ff-a054-1af48731b9e0","45114422","423453","english.all.3class.distsim.crf.ser","Facebook","ORGANIZATION","423","1","1"
"f4fb2213-e7ea-44ff-a054-1af48731b9e0","45040007","423292","english.all.3class.distsim.crf.ser","Facebook","ORGANIZATION","423","4","1"
"f4fb2213-e7ea-44ff-a054-1af48731b9e0","45384677","424543","english.all.3class.distsim.crf.ser","Facebook","ORGANIZATION","423","12","1"
"f4fb2213-e7ea-44ff-a054-1af48731b9e0","45384209","424542","english.all.3class.distsim.crf.ser","Facebook","ORGANIZATION","423","7","1"
"f4fb2213-e7ea-44ff-a054-1af48731b9e0","45114435","423453","english.all.3class.distsim.crf.ser","Facebook","ORGANIZATION","423","3","1"
"f4fb2213-e7ea-44ff-a054-1af48731b9e0","45114451","423453","english.all.3class.distsim.crf.ser","Facebook","ORGANIZATION","423","5","1"
"f4fb2213-e7ea-44ff-a054-1af48731b9e0","45114489","423453","english.all.3class.distsim.crf.ser","Facebook","ORGANIZATION","423","9","2"
"f4fb2213-e7ea-44ff-a054-1af48731b9e0","45114495","423453","english.all.3class.distsim.crf.ser","Facebook","ORGANIZATION","423","10","1"
"f4fb2213-e7ea-44ff-a054-1af48731b9e0","45114498","423453","english.all.3class.distsim.crf.ser","Facebook","ORGANIZATION","423","11","1"
"f51d58e2-fcbf-477b-a2ab-547903938bdd","45270734","423929","english.all.3class.distsim.crf.ser","University of Utah","ORGANIZATION","49466","13","1"
"f51d58e2-fcbf-477b-a2ab-547903938bdd","45270695","423929","english.all.3class.distsim.crf.ser","University of Utah","ORGANIZATION","49466","1","1"
"f52f5cb7-e19d-4c39-9b2a-4da9df7ae974","45035634","423290","english.all.3class.distsim.crf.ser","DHS","ORGANIZATION","410","3","1"
"f52f5cb7-e19d-4c39-9b2a-4da9df7ae974","45035661","423290","english.all.3class.distsim.crf.ser","DHS","ORGANIZATION","410","6","1"
"f52f5cb7-e19d-4c39-9b2a-4da9df7ae974","45041905","423294","english.all.3class.distsim.crf.ser","DHS","ORGANIZATION","3480","5","1"
"f52f5cb7-e19d-4c39-9b2a-4da9df7ae974","45035674","423290","english.all.3class.distsim.crf.ser","DHS","ORGANIZATION","410","10","1"
"f52f5cb7-e19d-4c39-9b2a-4da9df7ae974","45041963","423294","english.all.3class.distsim.crf.ser","DHS","ORGANIZATION","3480","15","3"
"f52f5cb7-e19d-4c39-9b2a-4da9df7ae974","45035683","423290","english.all.3class.distsim.crf.ser","DHS","ORGANIZATION","410","12","1"
"f591500b-b6d7-417a-8c4e-8799ce6c0a14","45114438","423453","english.all.3class.distsim.crf.ser","BBC News","ORGANIZATION","531","3","1"
"f6bf75e0-4931-48d1-b6db-ca8bb087f32a","45365218","424505","english.all.3class.distsim.crf.ser","Chicago Police","ORGANIZATION","52424","3","1"
"f6bf75e0-4931-48d1-b6db-ca8bb087f32a","45365236","424505","english.all.3class.distsim.crf.ser","Chicago Police","ORGANIZATION","52424","14","1"
"f9acb8c7-25dc-41f6-9186-c894a1925ed6","45047510","423298","english.all.3class.distsim.crf.ser","WFLA","ORGANIZATION","22372","13","1"
"f9f33c7e-3e1c-4c77-9f62-92f128ef7e38","45266497","423925","english.all.3class.distsim.crf.ser","Instagram","ORGANIZATION","928","2","1"
"f9f33c7e-3e1c-4c77-9f62-92f128ef7e38","45382409","424540","english.all.3class.distsim.crf.ser","Instagram","ORGANIZATION","928","13","1"
"f9f33c7e-3e1c-4c77-9f62-92f128ef7e38","44977545","423133","english.all.3class.distsim.crf.ser","Instagram","ORGANIZATION","928","3","1"
"fdae6556-c509-4391-a48a-3b7b2f1584c5","45241655","423777","english.all.3class.distsim.crf.ser","WHDH","ORGANIZATION","315374","7","1"
"fe272471-d26b-447d-9116-7e20e0485026","45342865","424355","english.all.3class.distsim.crf.ser","Daily Telegraph","ORGANIZATION","13811","14","2"
"ff11d0cd-9020-429b-a620-8477f012a31f","45286575","424079","english.all.3class.distsim.crf.ser","Justice Department","ORGANIZATION","2877","5","1"
"ff11d0cd-9020-429b-a620-8477f012a31f","45295171","424082","english.all.3class.distsim.crf.ser","Justice Department","ORGANIZATION","2877","7","1"
"ff11d0cd-9020-429b-a620-8477f012a31f","45286597","424079","english.all.3class.distsim.crf.ser","Justice Department","ORGANIZATION","2877","9","1"
"ffc50474-d187-4d77-9755-d2295dd74d58","45159491","423618","english.all.3class.distsim.crf.ser","University of Illinois","ORGANIZATION","5606","1","1"
"ffc50474-d187-4d77-9755-d2295dd74d58","45159567","423618","english.all.3class.distsim.crf.ser","University of Illinois","ORGANIZATION","5606","17","1"
